empID,empName,designation,experience,birth_date,hire_date,salary,gender,activeStatus,created_at,updated_at
1a2b3c4d-5e6f-7g8h-9i0j-1k2l3m4n5o6p,John Doe,Software Engineer,<1 year,5/10/1990,1/15/2023,60000,Male,Active,1/15/2023 8:00,1/15/2023 8:00
1a2b3c4d-5e6f-7g8h-9i0j-1k2l3m4n5o6q,John Doe,Sr Software Engineer,1-2 years,5/10/1990,1/15/2023,70000,Male,Active,1/15/2024 8:00,1/15/2024 8:00
2a3b4c5d-6e7f-8g9h-0i1j-2k3l4m5n6o7r,Jane Smith,Solutions Enabler,2-3 years,7/20/1995,6/1/2023,65000,Female,Active,6/1/2023 9:00,6/1/2023 9:00
2a3b4c5d-6e7f-8g9h-0i1j-2k3l4m5n6o7s,Jane Smith,Sr Software Engineer,3-4 years,7/20/1995,6/1/2023,75000,Female,Terminated,6/1/2024 9:00,6/1/2024 9:00
3b4c5d6e-7f8g-9h0i-1j2k-3l4m5n6o7p8t,Michael Brown,Software Engineer,3-4 years,3/15/1988,5/1/2018,80000,Male,Active,5/1/2018 10:00,5/1/2018 10:00
3b4c5d6e-7f8g-9h0i-1j2k-3l4m5n6o7p8u,Michael Brown,Sr Software Engineer,4-5 years,3/15/1988,5/1/2018,90000,Male,Active,5/1/2020 10:00,5/1/2020 10:00
4c5d6e7f-8g9h-0i1j-2k3l-4m5n6o7p8q9v,Alice Johnson,Solutions Consultant,2-3 years,11/30/1992,3/1/2020,75000,Female,Terminated,3/1/2020 11:00,3/1/2020 11:00
5d6e7f8g-9h0i-1j2k-3l4m-5n6o7p8q9r0w,Bob Williams,Tech Solution Architect,5-6 years,12/12/1985,4/20/2016,95000,Male,Active,4/20/2016 14:00,4/20/2016 14:00
6e7f8g9h-0i1j-2k3l-4m5n-6o7p8q9r0s1x,Eve Davis,Principal Architect,7-8 years,1/5/1980,8/15/2015,120000,Female,Terminated,8/15/2015 15:00,8/15/2015 15:00
7f8g9h0i-1j2k-3l4m-5n6o-7p8q9r0s1t2y,Chris Wilson,Software Engineer,<1 year,9/25/1996,8/15/2023,62000,Male,Active,8/15/2023 16:00,8/15/2023 16:00
8g9h0i1j-2k3l-4m5n-6o7p-8q9r0s1t2u3v,David Lee,Software Engineer,<1 year,2/12/1992,3/20/2023,61000,Male,Active,3/20/2023 9:30,3/20/2023 9:30
9h0i1j2k-3l4m-5n6o-7p8q-9r0s1t2u3v4w,Sarah Connor,Sr Software Engineer,1-2 years,8/25/1994,11/1/2022,68000,Female,Active,11/1/2022 11:00,11/1/2022 11:00
9h0i1j2k-3l4m-5n6o-7p8q-9r0s1t2u3v4x,Sarah Connor,Solutions Enabler,3-4 years,8/25/1994,11/1/2022,75000,Female,Terminated,11/1/2024 11:00,11/1/2024 11:00
0i1j2k3l-4m5n-6o7p-8q9r-0s1t2u3v4w5x,Emily Carter,Solutions Consultant,2-3 years,1/30/1991,5/15/2021,70000,Female,Active,5/15/2021 12:00,5/15/2021 12:00
1j2k3l4m-5n6o-7p8q-9r0s-1t2u3v4w5x6y,Liam Scott,Tech Solution Architect,4-5 years,3/10/1989,4/20/2017,95000,Male,Active,4/20/2017 10:30,4/20/2017 10:30
2k3l4m5n-6o7p-8q9r-0s1t-2u3v4w5x6y7z,Olivia Brown,Principal Architect,6-7 years,11/5/1982,8/15/2015,115000,Female,Active,8/15/2015 14:00,8/15/2015 14:00
3l4m5n6o-7p8q-9r0s-1t2u-3v4w5x6y7z8a,James Wilson,Software Engineer,1-2 years,6/25/1993,2/1/2022,62000,Male,Active,2/1/2022 8:00,2/1/2022 8:00
4m5n6o7p-8q9r-0s1t-2u3v-4w5x6y7z8a9b,Grace Smith,Sr Software Engineer,2-3 years,4/14/1990,5/1/2021,68000,Female,Active,5/1/2021 15:00,5/1/2021 15:00
5n6o7p8q-9r0s-1t2u-3v4w-5x6y7z8a9b0c,Henry Johnson,Solutions Enabler,3-4 years,7/22/1985,1/10/2020,72000,Male,Active,1/10/2020 11:30,1/10/2020 11:30
6o7p8q9r-0s1t-2u3v-4w5x-6y7z8a9b0c1d,Lucas Kim,Tech Solution Architect,5-6 years,9/18/1984,6/5/2016,95000,Male,Active,6/5/2016 9:00,6/5/2016 9:00
7p8q9r0s-1t2u-3v4w-5x6y-7z8a9b0c1d2e,Mark Taylor,Software Engineer,<1 year,1/15/1994,7/10/2023,62000,Male,Active,7/10/2023 8:00,7/10/2023 8:00
8q9r0s1t-2u3v-4w5x-6y7z-8a9b0c1d2e3f,Susan Clark,Sr Software Engineer,1-2 years,11/20/1989,5/5/2022,70000,Female,Active,5/5/2022 9:15,5/5/2022 9:15
9r0s1t2u-3v4w-5x6y-7z8a-9b0c1d2e3f4g,Rachel Green,Solutions Enabler,2-3 years,3/30/1990,9/12/2021,72000,Female,Active,9/12/2021 10:30,9/12/2021 10:30
0s1t2u3v-4w5x-6y7z-8a9b-0c1d2e3f4g5h,David Brown,Sr Software Engineer,2-3 years,4/5/1993,6/1/2021,70000,Male,Terminated,6/1/2024 11:00,6/1/2024 11:00
1t2u3v4w-5x6y-7z8a-9b0c-1d2e3f4g5h6i,Lily Adams,Solutions Consultant,3-4 years,5/25/1995,3/15/2020,76000,Female,Active,3/15/2020 12:45,3/15/2020 12:45
2u3v4w5x-6y7z-8a9b-0c1d-2e3f4g5h6i7j,Henry Johnson,Tech Solution Architect,5-6 years,12/14/1986,2/20/2017,94000,Male,Active,2/20/2017 14:00,2/20/2017 14:00
3v4w5x6y-7z8a-9b0c-1d2e-3f4g5h6i7j8k,Emma Wilson,Principal Architect,7-8 years,6/10/1983,1/25/2014,125000,Female,Active,1/25/2014 15:30,1/25/2014 15:30
4w5x6y7z-8a9b-0c1d-2e3f-4g5h6i7j8k9l,Nina Parker,Software Engineer,1-2 years,8/16/1997,10/5/2022,61000,Female,Active,10/5/2022 8:00,10/5/2022 8:00
5x6y7z8a-9b0c-1d2e-3f4g-5h6i7j8k9l0m,Oliver King,Sr Software Engineer,3-4 years,2/14/1991,11/1/2020,75000,Male,Active,11/1/2020 9:45,11/1/2020 9:45
6y7z8a9b-0c1d-2e3f-4g5h-6i7j8k9l0m1n,Sophia Turner,Solutions Enabler,2-3 years,7/30/1994,5/10/2021,68000,Female,Terminated,5/10/2024 10:00,5/10/2024 10:00
7z8a9b0c-1d2e-3f4g-5h6i-7j8k9l0m1n2o,Jack Thompson,Sr Software Engineer,4-5 years,1/25/1990,2/12/2019,72000,Male,Active,2/12/2019 11:15,2/12/2019 11:15
8a9b0c1d-2e3f-4g5h-6i7j-8k9l0m1n2o3p,Amelia Scott,Solutions Consultant,3-4 years,11/28/1988,3/5/2019,74000,Female,Active,3/5/2019 12:00,3/5/2019 12:00
9b0c1d2e-3f4g-5h6i-7j8k-9l0m1n2o3p4q,Ryan Harris,Tech Solution Architect,5-6 years,2/18/1987,12/1/2015,98000,Male,Active,12/1/2015 13:30,12/1/2015 13:30
0c1d2e3f-4g5h-6i7j-8k9l-0m1n2o3p4q5r,Bella Young,Principal Architect,6-7 years,10/10/1982,5/25/2015,120000,Female,Active,5/25/2015 14:30,5/25/2015 14:30
1d2e3f4g-5h6i-7j8k-9l0m-1n2o3p4q5r6s,Liam Carter,Software Engineer,<1 year,12/5/1995,2/15/2023,64000,Male,Active,2/15/2023 10:00,2/15/2023 10:00
2e3f4g5h-6i7j-8k9l-0m1n-2o3p4q5r6s7t,Isabella Green,Sr Software Engineer,1-2 years,5/19/1994,9/1/2022,68000,Female,Active,9/1/2022 8:30,9/1/2022 8:30
3f4g5h6i-7j8k-9l0m-1n2o-3p4q5r6s7t8u,Noah Lewis,Solutions Enabler,2-3 years,4/30/1991,1/12/2021,72000,Male,Active,1/12/2021 9:00,1/12/2021 9:00
4g5h6i7j-8k9l-0m1n-2o3p-4q5r6s7t8u9v,Chloe Baker,Tech Solution Architect,5-6 years,9/22/1985,4/10/2016,93000,Female,Active,4/10/2016 15:00,4/10/2016 15:00
5h6i7j8k-9l0m-1n2o-3p4q-5r6s7t8u9v0w,Mason White,Software Engineer,<1 year,3/14/1992,9/1/2023,60000,Male,Active,9/1/2023 10:00,9/1/2023 10:00
6i7j8k9l-0m1n-2o3p-4q5r-6s7t8u9v0x1y,Grace Lee,Sr Software Engineer,1-2 years,6/25/1987,5/20/2021,71000,Female,Active,5/20/2021 9:30,5/20/2021 9:30
7j8k9l0m-1n2o-3p4q-5r6s-7t8u9v0x1y2z,Aiden King,Solutions Enabler,2-3 years,11/15/1994,8/12/2020,74000,Male,Active,8/12/2020 11:00,8/12/2020 11:00
8k9l0m1n-2o3p-4q5r-6s7t-8u9v0x1y2z3a,Lily Carter,Sr Software Engineer,3-4 years,7/22/1991,2/10/2019,72000,Female,Terminated,2/10/2024 10:00,2/10/2024 10:00
9l0m1n2o-3p4q-5r6s-7t8u-9v0x1y2z3a4b,Noah Allen,Solutions Consultant,3-4 years,12/4/1989,1/18/2018,75000,Male,Active,1/18/2018 12:30,1/18/2018 12:30
0m1n2o3p-4q5r-6s7t-8u9v-0x1y2z3a4b5c,Emily Hall,Tech Solution Architect,5-6 years,10/10/1985,6/30/2015,95000,Female,Active,6/30/2015 14:45,6/30/2015 14:45
1n2o3p4q-5r6s-7t8u-9v0x-1y2z3a4b5c6d,Sophia Wilson,Principal Architect,6-7 years,8/15/1983,3/25/2014,115000,Female,Active,3/25/2014 11:15,3/25/2014 11:15
2o3p4q5r-6s7t-8u9v-0x1y-2z3a4b5c6d7e,James Harris,Software Engineer,1-2 years,5/30/1996,4/10/2023,62000,Male,Active,4/10/2023 9:00,4/10/2023 9:00
3p4q5r6s-7t8u-9v0x-1y2z-3a4b5c6d7e8f,Olivia Martinez,Sr Software Engineer,2-3 years,7/19/1995,12/1/2021,70000,Female,Active,12/1/2021 10:30,12/1/2021 10:30
4q5r6s7t-8u9v-0x1y-2z3a-4b5c6d7e8f9g,Lucas Roberts,Solutions Enabler,3-4 years,4/25/1990,1/15/2020,72000,Male,Active,1/15/2020 12:00,1/15/2020 12:00
5r6s7t8u-9v0x-1y2z-3a4b-5c6d7e8f9g0h,Mia Lewis,Sr Software Engineer,4-5 years,9/11/1988,5/30/2019,75000,Female,Terminated,5/30/2024 11:00,5/30/2024 11:00
6s7t8u9v-0x1y-2z3a-4b5c-6d7e8f9g0h1i,Jacob Walker,Solutions Consultant,3-4 years,2/22/1986,10/1/2017,74000,Male,Active,10/1/2017 14:30,10/1/2017 14:30
7t8u9v0x-1y2z-3a4b-5c6d-7e8f9g0h1i2j,Ethan Young,Tech Solution Architect,5-6 years,3/15/1985,7/22/2015,96000,Male,Active,7/22/2015 13:15,7/22/2015 13:15
8u9v0x1y-2z3a-4b5c-6d7e-8f9g0h1i2j3k,Chloe King,Principal Architect,7-8 years,4/9/1982,11/30/2013,118000,Female,Active,11/30/2013 9:45,11/30/2013 9:45
9v0x1y2z-3a4b-5c6d-7e8f-9g0h1i2j3k4l,Isabella Scott,Software Engineer,<1 year,6/20/1994,5/5/2023,61000,Female,Active,5/5/2023 11:30,5/5/2023 11:30
0x1y2z3a-4b5c-6d7e-8f9g-0h1i2j3k4l5m,Mason Martinez,Sr Software Engineer,1-2 years,9/30/1992,8/10/2022,67000,Male,Active,8/10/2022 10:00,8/10/2022 10:00
1y2z3a4b-5c6d-7e8f-9g0h-1i2j3k4l5m6n,Samantha Brown,Solutions Enabler,2-3 years,3/25/1988,4/12/2021,73000,Female,Active,4/12/2021 8:15,4/12/2021 8:15
0a1b2c3d-4e5f-6g7h-8i9j-0k1l2m3n4o5p,Alex Johnson,Software Engineer,<1 year,3/18/1995,9/1/2023,60000,Male,Active,9/1/2023 10:00,9/1/2023 10:00
1b2c3d4e-5f6g-7h8i-9j0k-1l2m3n4o5p6q,Ava Brown,Sr Software Engineer,1-2 years,7/20/1991,6/15/2021,72000,Female,Active,6/15/2021 9:30,6/15/2021 9:30
2c3d4e5f-6g7h-8i9j-0k1l-2m3n4o5p6q7r,Oliver Garcia,Solutions Enabler,2-3 years,11/5/1989,3/10/2020,74000,Male,Active,3/10/2020 11:00,3/10/2020 11:00
3d4e5f6g-7h8i-9j0k-1l2m-3n4o5p6q7r8s,Sophia Miller,Sr Software Engineer,3-4 years,2/22/1993,9/12/2018,73000,Female,Terminated,3/12/2024 10:00,3/12/2024 10:00
4e5f6g7h-8i9j-0k1l-2m3n-4o5p6q7r8s9t,William Lee,Solutions Consultant,3-4 years,12/30/1986,1/25/2017,76000,Male,Active,1/25/2017 12:30,1/25/2017 12:30
5f6g7h8i-9j0k-1l2m-3n4o-5p6q7r8s9t0u,Evelyn Lopez,Tech Solution Architect,5-6 years,4/14/1984,7/11/2015,95000,Female,Active,7/11/2015 14:45,7/11/2015 14:45
6g7h8i9j-0k1l-2m3n-4o5p-6q7r8s9t0u1v,Lucas Martinez,Principal Architect,7-8 years,9/16/1982,5/30/2013,120000,Male,Active,5/30/2013 11:15,5/30/2013 11:15
7h8i9j0k-1l2m-3n4o-5p6q-7r8s9t0u1v2w,Chloe Robinson,Software Engineer,<1 year,5/5/1995,8/15/2023,62000,Female,Active,8/15/2023 9:00,8/15/2023 9:00
8i9j0k1l-2m3n-4o5p-6q7r-8s9t0u1v2w3x,Mia King,Sr Software Engineer,1-2 years,6/22/1994,11/10/2021,69000,Female,Active,11/10/2021 10:30,11/10/2021 10:30
9j0k1l2m-3n4o-5p6q-7r8s-8t9u1v2w3x4y,Ethan Young,Solutions Enabler,2-3 years,12/18/1990,2/1/2020,74000,Male,Active,2/1/2020 12:00,2/1/2020 12:00
0k1l2m3n-4o5p-6q7r-8s9t-0u1v2w3x4y5z,Isabella Hall,Sr Software Engineer,3-4 years,3/28/1988,10/21/2019,72000,Female,Terminated,10/21/2024 11:00,10/21/2024 11:00
1l2m3n4o-5p6q-7r8s-9t0u-1v2w3x4y5z6a,Aiden White,Solutions Consultant,3-4 years,1/10/1992,4/15/2018,74000,Male,Active,4/15/2018 9:30,4/15/2018 9:30
2m3n4o5p-6q7r-8s9t-0u1v-2w3x4y5z6a7b,Sarah Lewis,Tech Solution Architect,5-6 years,8/20/1986,2/11/2015,96000,Female,Active,2/11/2015 14:30,2/11/2015 14:30
3n4o5p6q-7r8s-9t0u-1v2w-3x4y5z6a7b8c,James Harris,Principal Architect,6-7 years,10/11/1983,6/5/2014,115000,Male,Active,6/5/2014 10:15,6/5/2014 10:15
4o5p6q7r-8s9t-0u1v-2w3x-4y5z6a7b8c9d,Grace Green,Software Engineer,<1 year,9/30/1994,6/20/2023,63000,Female,Active,6/20/2023 10:00,6/20/2023 10:00
5p6q7r8s-9t0u-1v2w-3x4y-5z6a7b8c9d0e,Oliver Wilson,Sr Software Engineer,1-2 years,12/15/1991,3/17/2022,71000,Male,Active,3/17/2022 9:30,3/17/2022 9:30
6a7b8c9d-0e1f-2g3h-4i5j-6k7l8m9n0o1p,Emma Thompson,Software Engineer,<1 year,5/14/1994,8/5/2023,62000,Female,Active,8/5/2023 10:00,8/5/2023 10:00
7b8c9d0e-1f2g-3h4i-5j6k-7l8m9n0o1p2q,James Smith,Sr Software Engineer,1-2 years,10/23/1990,4/30/2021,74000,Male,Active,4/30/2021 9:15,4/30/2021 9:15
8c9d0e1f-2g3h-4i5j-6k7l-8m9n0o1p2q3r,Liam Johnson,Solutions Enabler,2-3 years,3/12/1992,11/11/2020,73000,Male,Active,11/11/2020 10:30,11/11/2020 10:30
9d0e1f2g-3h4i-5j6k-7l8m-9n0o1p2q3r4s,Olivia Garcia,Sr Software Engineer,3-4 years,2/28/1989,9/22/2018,75000,Female,Terminated,3/22/2024 10:00,3/22/2024 10:00
0e1f2g3h-4i5j-6k7l-8m9n-0o1p2q3r4s5t,Lucas Martinez,Solutions Consultant,3-4 years,11/11/1985,5/15/2017,77000,Male,Active,5/15/2017 12:00,5/15/2017 12:00
1f2g3h4i-5j6k-7l8m-9n0o-1p2q3r4s5t6u,Sofia Hernandez,Tech Solution Architect,5-6 years,8/30/1983,12/1/2016,98000,Female,Active,12/1/2016 13:45,12/1/2016 13:45
2g3h4i5j-6k7l-8m9n-0o1p-2q3r4s5t6u7v,Aiden Lee,Principal Architect,6-7 years,7/5/1982,4/25/2014,118000,Male,Active,4/25/2014 11:15,4/25/2014 11:15
3h4i5j6k-7l8m-9n0o-1p2q-3r4s5t6u7v8w,Mia Wilson,Software Engineer,<1 year,1/20/1996,6/10/2023,64000,Female,Active,6/10/2023 10:30,6/10/2023 10:30
4i5j6k7l-8m9n-0o1p-2q3r-4s5t6u7v8w9x,Noah Anderson,Sr Software Engineer,1-2 years,4/15/1995,1/8/2022,68000,Male,Active,1/8/2022 9:45,1/8/2022 9:45
5j6k7l8m-9n0o-1p2q-3r4s-5t6u7v8w9x0y,Sophia Thomas,Solutions Enabler,2-3 years,10/30/1994,3/1/2020,71000,Female,Active,3/1/2020 12:15,3/1/2020 12:15
6k7l8m9n-0o1p-2q3r-4s5t-6u7v8w9x0y1z,Jack Davis,Sr Software Engineer,3-4 years,9/25/1988,7/14/2019,72000,Male,Terminated,7/14/2024 11:00,7/14/2024 11:00
7l8m9n0o-1p2q-3r4s-5t6u-7v8w9x0y1z2a,Isabella Brown,Solutions Consultant,3-4 years,6/12/1993,11/18/2018,74000,Female,Active,11/18/2018 10:00,11/18/2018 10:00
8m9n0o1p-2q3r-4s5t-6u7v-8w9x0y1z2a3b,Ethan Wilson,Tech Solution Architect,5-6 years,1/20/1985,9/15/2016,96000,Male,Active,9/15/2016 14:30,9/15/2016 14:30
9n0o1p2q-3r4s-5t6u-7v8w-0x1y2z3a4b5c,Amelia Lee,Principal Architect,6-7 years,11/2/1984,10/5/2013,120000,Female,Active,10/5/2013 10:00,10/5/2013 10:00
0o1p2q3r-4s5t-6u7v-8w9x-1y2z3a4b5c6d,Liam Garcia,Software Engineer,<1 year,2/18/1996,7/20/2023,61000,Male,Active,7/20/2023 9:30,7/20/2023 9:30
1p2q3r4s-5t6u-7v8w-9x0y-2z3a4b5c6d7e,Ava Robinson,Sr Software Engineer,1-2 years,3/11/1995,12/5/2022,67000,Female,Active,12/5/2022 10:45,12/5/2022 10:45
2p3q4r5s-6t7u-8v9w-0x1y-2z3a4b5c6d7e,Oliver Smith,Software Engineer,<1 year,1/10/1994,9/12/2023,62000,Male,Active,9/12/2023 10:00,9/12/2023 10:00
3q4r5s6t-7u8v-9w0x-1y2z-3a4b5c6d7e8f,Emma Johnson,Sr Software Engineer,1-2 years,5/23/1992,3/18/2021,74000,Female,Active,3/18/2021 9:15,3/18/2021 9:15
4r5s6t7u-8v9w-0x1y-2z3a-4b5c6d7e8f9g,Noah Williams,Solutions Enabler,2-3 years,9/14/1991,1/25/2020,75000,Male,Active,1/25/2020 11:30,1/25/2020 11:30
5s6t7u8v-9w0x-1y2z-3a4b-5c6d7e8f9g0h,Isabella Brown,Sr Software Engineer,3-4 years,2/5/1988,8/30/2019,76000,Female,Terminated,4/30/2024 10:00,4/30/2024 10:00
6t7u8v9w-0x1y-2z3a-4b5c-6d7e8f9g0h1i,Jacob Jones,Solutions Consultant,3-4 years,11/1/1990,12/15/2017,77000,Male,Active,12/15/2017 12:00,12/15/2017 12:00
7u8v9w0x-1y2z-3a4b-5c6d-7e8f9g0h1i2j,Grace Miller,Tech Solution Architect,5-6 years,4/22/1985,6/11/2015,98000,Female,Active,6/11/2015 14:45,6/11/2015 14:45
8v9w0x1y-2z3a-4b5c-6d7e-8f9g0h1i2j3k,William Davis,Principal Architect,6-7 years,8/16/1983,3/20/2013,119000,Male,Active,3/20/2013 11:15,3/20/2013 11:15
9w0x1y2z-3a4b-5c6d-7e8f-9g0h1i2j3k4l,Mia Garcia,Software Engineer,<1 year,9/14/1996,6/5/2023,64000,Female,Active,6/5/2023 10:30,6/5/2023 10:30
0x1y2z3a-4b5c-6d7e-8f9g-0h1i2j3k4l5m,Aiden Wilson,Sr Software Engineer,1-2 years,10/25/1994,11/1/2022,68000,Male,Active,11/1/2022 9:00,11/1/2022 9:00
1y2z3a4b-5c6d-7e8f-9g0h-1i2j3k4l5m6n,Sophia Thompson,Solutions Enabler,2-3 years,3/20/1993,5/10/2020,72000,Female,Active,5/10/2020 12:15,5/10/2020 12:15
2z3a4b5c-6d7e-8f9g-0h1i-2j3k4l5m6n7o,Jackson Martinez,Sr Software Engineer,3-4 years,12/17/1990,7/15/2018,74000,Male,Terminated,7/15/2024 10:00,7/15/2024 10:00
3a4b5c6d-7e8f-9g0h-1i2j-4k5l6m7n8o9p,Amelia Taylor,Solutions Consultant,3-4 years,5/18/1989,11/1/2016,76000,Female,Active,11/1/2016 11:30,11/1/2016 11:30
4b5c6d7e-8f9g-0h1i-2j3k-5l6m7n8o9p0q,Lucas Anderson,Tech Solution Architect,5-6 years,6/15/1987,9/28/2014,100000,Male,Active,9/28/2014 10:00,9/28/2014 10:00
5c6d7e8f-9g0h-1i2j-3k4l-6m7n8o9p0q1r,Charlotte White,Principal Architect,6-7 years,2/10/1985,12/12/2012,120000,Female,Active,12/12/2012 12:00,12/12/2012 12:00
6d7e8f9g-0h1i-2j3k-4l5m-7n8o9p0q1r2s,Henry Lee,Software Engineer,<1 year,3/30/1996,5/18/2023,65000,Male,Active,5/18/2023 11:15,5/18/2023 11:15
7e8f9g0h-1i2j-3k4l-5m6n-8o9p0q1r2s3t,Scarlett Harris,Sr Software Engineer,1-2 years,8/22/1995,7/30/2022,71000,Female,Active,7/30/2022 9:30,7/30/2022 9:30
8f9g0h1i-2j3k-4l5m-6n7o-8p9q0r1s2t3u,Daniel Walker,Software Engineer,<1 year,11/15/1995,8/22/2023,63000,Male,Active,8/22/2023 10:00,8/22/2023 10:00
9g0h1i2j-3k4l-5m6n-7o8p-9q0r1s2t3u4v,Olivia Roberts,Sr Software Engineer,1-2 years,1/2/1992,5/18/2021,74000,Female,Active,5/18/2021 9:15,5/18/2021 9:15
0h1i2j3k-4l5m-6n7o-8p9q-0r1s2t3u4v5w,Liam Hill,Solutions Enabler,2-3 years,7/19/1991,2/14/2020,72000,Male,Active,2/14/2020 11:30,2/14/2020 11:30
1i2j3k4l-5m6n-7o8p-9q0r-1s2t3u4v5w6x,Sophia Young,Sr Software Engineer,3-4 years,4/28/1988,9/12/2019,75000,Female,Terminated,4/12/2024 10:00,4/12/2024 10:00
2j3k4l5m-6n7o-8p9q-0r1s-2t3u4v5w6x7y,Noah Green,Solutions Consultant,3-4 years,12/10/1986,1/20/2018,78000,Male,Active,1/20/2018 12:00,1/20/2018 12:00
3k4l5m6n-7o8p-9q0r-1s2t-3u4v5w6x7y8z,Emma Carter,Tech Solution Architect,5-6 years,3/5/1983,8/15/2016,99000,Female,Active,8/15/2016 13:45,8/15/2016 13:45
4l5m6n7o-8p9q-0r1s-2t3u-4v5w6x7y8z9a,Jacob Lewis,Principal Architect,6-7 years,6/25/1981,7/10/2013,122000,Male,Active,7/10/2013 11:15,7/10/2013 11:15
5m6n7o8p-9q0r-1s2t-3u4v-5w6x7y8z9a0b,Isabella Hall,Software Engineer,<1 year,2/16/1996,6/1/2023,64000,Female,Active,6/1/2023 10:30,6/1/2023 10:30
6n7o8p9q-0r1s-2t3u-4v5w-6x7y8z9a0b1c,Ethan Scott,Sr Software Engineer,1-2 years,12/22/1994,11/30/2022,70000,Male,Active,11/30/2022 9:00,11/30/2022 9:00
7o8p9q0r-1s2t-3u4v-5w6x-7y8z9a0b1c2d,Amelia King,Solutions Enabler,2-3 years,8/10/1993,4/25/2020,74000,Female,Active,4/25/2020 12:15,4/25/2020 12:15
8p9q0r1s-2t3u-4v5w-6x7y-8z9a0b1c2d3e,Oliver Adams,Sr Software Engineer,3-4 years,10/14/1990,2/20/2018,76000,Male,Terminated,2/20/2024 10:00,2/20/2024 10:00
9q0r1s2t-3u4v-5w6x-7y8z-0a1b2c3d4e5f,Charlotte Parker,Solutions Consultant,3-4 years,1/5/1989,6/30/2017,78000,Female,Active,6/30/2017 11:00,6/30/2017 11:00
0r1s2t3u-4v5w-6x7y-8z9a-1b2c3d4e5f6g,William Turner,Tech Solution Architect,5-6 years,5/19/1985,10/15/2015,101000,Male,Active,10/15/2015 10:00,10/15/2015 10:00
1s2t3u4v-5w6x-7y8z-9a0b-2c3d4e5f6g7h,Lucas Mitchell,Principal Architect,6-7 years,3/14/1983,4/18/2013,125000,Male,Active,4/18/2013 11:30,4/18/2013 11:30
2t3u4v5w-6x7y-8z9a-0b1c-3d4e5f6g7h8i,Evelyn Hall,Software Engineer,<1 year,6/30/1995,9/20/2023,65000,Female,Active,9/20/2023 10:15,9/20/2023 10:15
3u4v5w6x-7y8z-9a0b-1c2d-4e5f6g7h8i9j,Aiden Foster,Sr Software Engineer,1-2 years,11/11/1994,2/1/2022,68000,Male,Active,2/1/2022 9:45,2/1/2022 9:45
4u5v6w7x-8y9z-0a1b-2c3d-4e5f6g7h8i9j,Michael Brown,Software Engineer,<1 year,12/1/1995,9/5/2023,64000,Male,Active,9/5/2023 10:00,9/5/2023 10:00
5v6w7x8y-9z0a-1b2c-3d4e-5f6g7h8i9j0k,Sarah Green,Sr Software Engineer,1-2 years,3/30/1992,6/14/2021,71000,Female,Active,6/14/2021 9:15,6/14/2021 9:15
6w7x8y9z-0a1b-2c3d-4e5f-6g7h8i9j0k1l,David Williams,Solutions Enabler,2-3 years,9/18/1990,2/20/2020,73000,Male,Active,2/20/2020 11:30,2/20/2020 11:30
7x8y9z0a-1b2c-3d4e-5f6g-7h8i9j0k1l2m,Sofia Johnson,Sr Software Engineer,3-4 years,7/25/1988,8/30/2019,75000,Female,Terminated,3/30/2024 10:00,3/30/2024 10:00
8y9z0a1b-2c3d-4e5f-6g7h-8i9j0k1l2m3n,James Miller,Solutions Consultant,3-4 years,4/10/1986,11/15/2017,76000,Male,Active,11/15/2017 12:00,11/15/2017 12:00
9z0a1b2c-3d4e-5f6g-7h8i-9j0k1l2m3n4o,Emily Davis,Tech Solution Architect,5-6 years,10/22/1983,1/10/2015,100000,Female,Active,1/10/2015 14:45,1/10/2015 14:45
0a1b2c3d-4e5f-6g7h-8i9j-1k2l3m4n5o6p,Liam Brown,Principal Architect,6-7 years,12/14/1981,5/5/2013,121000,Male,Active,5/5/2013 11:15,5/5/2013 11:15
1b2c3d4e-5f6g-7h8i-9j0k-2l3m4n5o6p7q,Grace Wilson,Software Engineer,<1 year,4/1/1996,7/25/2023,65000,Female,Active,7/25/2023 10:30,7/25/2023 10:30
2c3d4e5f-6g7h-8i9j-0k1l-3m4n5o6p7q8r,Oliver Martinez,Sr Software Engineer,1-2 years,8/30/1995,3/12/2022,69000,Male,Active,3/12/2022 9:00,3/12/2022 9:00
3d4e5f6g-7h8i-9j0k-1l2m-4n5o6p7q8r9s,Sophia Taylor,Solutions Enabler,2-3 years,2/15/1993,5/5/2020,71000,Female,Active,5/5/2020 12:15,5/5/2020 12:15
4e5f6g7h-8i9j-0k1l-2m3n-5o6p7q8r9s0t,Aiden Anderson,Sr Software Engineer,3-4 years,10/20/1991,11/10/2018,72000,Male,Terminated,1/10/2024 10:00,1/10/2024 10:00
5f6g7h8i-9j0k-1l2m-3n4o-6p7q8r9s0t1u,Charlotte Jackson,Solutions Consultant,3-4 years,6/1/1990,2/25/2017,74000,Female,Active,2/25/2017 11:00,2/25/2017 11:00
6g7h8i9j-0k1l-2m3n-4o5p-7q8r9s0t1u2v,William Lee,Tech Solution Architect,5-6 years,5/10/1984,7/20/2015,102000,Male,Active,7/20/2015 10:00,7/20/2015 10:00
7h8i9j0k-1l2m-3n4o-5p6q-8r9s0t1u2v3w,Evelyn Hall,Principal Architect,6-7 years,8/17/1982,1/30/2013,126000,Female,Active,1/30/2013 11:30,1/30/2013 11:30
8i9j0k1l-2m3n-4o5p-6q7r-9s0t1u2v3w4x,Jackson Allen,Software Engineer,<1 year,9/10/1996,4/20/2023,66000,Male,Active,4/20/2023 10:30,4/20/2023 10:30
9j0k1l2m-3n4o-5p6q-7r8s-0t1u2v3w4x5y,Amelia Wright,Sr Software Engineer,1-2 years,11/25/1994,8/15/2022,70000,Female,Active,8/15/2022 9:45,8/15/2022 9:45
0k1l2m3n-4o5p-6q7r-8s9t-0u1v2w3x4y5z,James Thomas,Software Engineer,<1 year,7/18/1995,8/12/2023,63000,Male,Active,8/12/2023 10:00,8/12/2023 10:00
1l2m3n4o-5p6q-7r8s-9t0u-1v2w3x4y5z6a,Emily Robinson,Sr Software Engineer,1-2 years,4/27/1993,1/10/2021,74000,Female,Active,1/10/2021 9:15,1/10/2021 9:15
2m3n4o5p-6q7r-8s9t-0u1v-2w3x4y5z6a7b,Aiden Clark,Solutions Enabler,2-3 years,9/9/1992,5/15/2020,75000,Male,Active,5/15/2020 11:30,5/15/2020 11:30
3n4o5p6q-7r8s-9t0u-1v2w-3x4y5z6a7b8c,Sophia Lewis,Sr Software Engineer,3-4 years,3/14/1991,7/20/2019,76000,Female,Terminated,5/20/2024 10:00,5/20/2024 10:00
4o5p6q7r-8s9t-0u1v-2w3x-4y5z6a7b8c9d,Lucas Walker,Solutions Consultant,3-4 years,6/18/1989,3/22/2018,78000,Male,Active,3/22/2018 12:00,3/22/2018 12:00
5p6q7r8s-9t0u-1v2w-3x4y-5z6a7b8c9d0e,Isabella Hall,Tech Solution Architect,5-6 years,8/21/1986,2/12/2016,100000,Female,Active,2/12/2016 14:45,2/12/2016 14:45
6q7r8s9t-0u1v-2w3x-4y5z-6a7b8c9d0e1f,Henry Allen,Principal Architect,6-7 years,10/30/1984,11/11/2014,123000,Male,Active,11/11/2014 11:15,11/11/2014 11:15
7r8s9t0u-1v2w-3x4y-5z6a-7b8c9d0e1f2g,Emma Lee,Software Engineer,<1 year,2/5/1996,5/28/2023,65000,Female,Active,5/28/2023 10:30,5/28/2023 10:30
8s9t0u1v-2w3x-4y5z-6a7b-8c9d0e1f2g3h,Jackson Young,Sr Software Engineer,1-2 years,7/12/1994,6/1/2022,68000,Male,Active,6/1/2022 9:00,6/1/2022 9:00
9t0u1v2w-3x4y-5z6a-7b8c-9d0e1f2g3h4i,Olivia King,Solutions Enabler,2-3 years,11/29/1993,10/10/2020,70000,Female,Active,10/10/2020 12:15,10/10/2020 12:15
0u1v2w3x-4y5z-6a7b-8c9d-0e1f2g3h4i5j,Daniel Wright,Sr Software Engineer,3-4 years,5/8/1991,4/15/2018,72000,Male,Terminated,2/15/2024 10:00,2/15/2024 10:00
1v2w3x4y-5z6a-7b8c-9d0e-1f2g3h4i5j6k,Mia Scott,Solutions Consultant,3-4 years,8/17/1988,5/30/2017,74000,Female,Active,5/30/2017 11:00,5/30/2017 11:00
2w3x4y5z-6a7b-8c9d-0e1f-2g3h4i5j6k7l,Jacob Martinez,Tech Solution Architect,5-6 years,9/26/1985,3/12/2015,101000,Male,Active,3/12/2015 10:00,3/12/2015 10:00
3x4y5z6a-7b8c-9d0e-1f2g-4h5i6j7k8l9m,Charlotte Garcia,Principal Architect,6-7 years,1/14/1983,12/5/2012,124000,Female,Active,12/5/2012 11:30,12/5/2012 11:30
4y5z6a7b-8c9d-0e1f-2g3h-5i6j7k8l9m0n,William Robinson,Software Engineer,<1 year,3/23/1996,2/18/2023,66000,Male,Active,2/18/2023 10:30,2/18/2023 10:30
5z6a7b8c-9d0e-1f2g-3h4i-6j7k8l9m0n1o,Sophia Adams,Sr Software Engineer,1-2 years,10/30/1994,1/25/2022,69000,Female,Active,1/25/2022 9:45,1/25/2022 9:45
