empid,empname,designation,experience,birth_date,hire_date,salary,gender,activestatus,created_at
1,Alice Johnson,Software Engineer,3,1990-05-15,2021-06-01,75000,Female,Active,2021-06-01 09:00:00
2,Bob Smith,Sr. Software Engineer,5,1988-08-22,2019-03-15,90000,Male,Active,2019-03-15 10:00:00
3,Charlie Brown,Solutions Enabler,4,1992-01-10,2020-07-20,85000,Male,Inactive,2020-07-20 11:00:00
4,Diana Prince,Solutions Consultant,6,1985-12-30,2018-04-10,110000,Female,Active,2018-04-10 12:00:00
5,Evelyn Harper,Principal Architect,10,1982-09-14,2015-11-11,150000,Female,Active,2015-11-11 13:00:00
6,George Taylor,Software Engineer,2,1995-07-19,2022-01-10,70000,Male,Inactive,2022-01-10 14:00:00
7,Emily Clark,Sr. Software Engineer,4,1991-11-11,2019-12-01,95000,Female,Active,2019-12-01 08:00:00
8,Frank Miller,Solutions Consultant,7,1983-04-24,2016-05-15,105000,Male,Active,2016-05-15 10:30:00
9,Grace Lee,Solutions Enabler,3,1994-03-30,2020-08-10,80000,Female,Active,2020-08-10 09:15:00
10,Henry Adams,Principal Architect,12,1980-10-05,2013-07-20,160000,Male,Active,2013-07-20 10:45:00
11,Irene Robinson,Sr. Software Engineer,6,1987-02-02,2017-11-01,90000,Female,Active,2017-11-01 12:20:00
12,Jack Wilson,Software Engineer,1,1996-06-17,2023-01-15,72000,Male,Active,2023-01-15 08:00:00
13,Kate Brown,Software Engineer,3,1992-12-10,2019-09-12,78000,Female,Inactive,2019-09-12 11:00:00
14,Liam Johnson,Solutions Consultant,8,1984-03-05,2015-05-01,110000,Male,Active,2015-05-01 14:00:00
15,Mia White,Sr. Software Engineer,7,1986-01-22,2016-08-10,94000,Female,Active,2016-08-10 10:00:00
16,Nate Green,Software Engineer,2,1995-09-30,2021-02-01,75000,Male,Active,2021-02-01 09:30:00
17,Olivia Brown,Solutions Enabler,5,1990-11-18,2017-06-01,87000,Female,Active,2017-06-01 13:30:00
18,Paul Smith,Principal Architect,11,1981-08-15,2012-04-05,155000,Male,Active,2012-04-05 09:00:00
19,Quinn Davis,Software Engineer,4,1992-05-25,2018-01-12,77000,Female,Active,2018-01-12 11:45:00
20,Ryan Evans,Sr. Software Engineer,6,1986-09-03,2016-10-22,92000,Male,Active,2016-10-22 14:15:00
21,Sarah Thompson,Solutions Consultant,7,1985-01-20,2014-03-20,105000,Female,Inactive,2020-03-20 12:10:00
22,Tony Martinez,Software Engineer,3,1990-12-05,2020-02-15,74000,Male,Active,2020-02-15 08:30:00
23,Uma Patel,Sr. Software Engineer,8,1983-07-27,2015-06-11,95000,Female,Active,2015-06-11 10:00:00
24,Vera Lee,Solutions Enabler,2,1994-04-21,2021-05-05,80000,Female,Active,2021-05-05 09:20:00
25,Wade Clark,Principal Architect,9,1984-08-10,2014-10-01,158000,Male,Active,2014-10-01 13:15:00
26,Xena Bell,Sr. Software Engineer,6,1987-02-14,2017-11-01,92000,Female,Active,2017-11-01 14:00:00
27,Yara King,Software Engineer,1,1996-05-30,2023-03-15,70000,Female,Active,2023-03-15 09:45:00
28,Zachary Lee,Solutions Consultant,4,1992-12-20,2019-04-25,100000,Male,Active,2019-04-25 11:30:00
29,Alice Wong,Software Engineer,3,1991-10-10,2020-01-20,75000,Female,Inactive,2020-01-20 14:50:00
30,Brandon Scott,Sr. Software Engineer,5,1988-08-01,2018-03-30,90000,Male,Active,2018-03-30 12:00:00
31,Emma Johnson,Software Engineer,3,1991-05-15,2020-04-01,76000,Female,Active,2020-04-01 09:00:00
32,Lucas Brown,Sr. Software Engineer,5,1989-08-20,2019-02-15,89000,Male,Active,2019-02-15 10:30:00
33,Noah Smith,Solutions Enabler,4,1990-01-30,2021-09-20,84000,Male,Active,2021-09-20 11:15:00
34,Olivia Davis,Solutions Consultant,6,1986-03-05,2018-07-01,108000,Female,Active,2018-07-01 14:00:00
35,Michael Garcia,Principal Architect,11,1981-02-14,2012-01-10,162000,Male,Active,2012-01-10 13:00:00
36,Sophia Martinez,Sr. Software Engineer,7,1985-04-25,2016-11-01,91000,Female,Active,2016-11-01 12:30:00
37,James Wilson,Software Engineer,2,1994-09-12,2021-05-15,78000,Male,Active,2021-05-15 10:00:00
38,Ava Rodriguez,Software Engineer,1,1996-10-30,2023-01-20,74000,Female,Active,2023-01-20 09:45:00
39,Benjamin Taylor,Solutions Consultant,5,1987-06-18,2018-04-10,102000,Male,Inactive,2020-04-10 11:00:00
40,Chloe Anderson,Software Engineer,4,1992-11-28,2019-02-01,77000,Female,Active,2019-02-01 09:30:00
41,Daniel Thomas,Sr. Software Engineer,6,1988-01-25,2016-09-15,94000,Male,Active,2016-09-15 10:00:00
42,Grace Jackson,Software Engineer,3,1993-07-14,2020-06-01,80000,Female,Active,2020-06-01 08:30:00
43,Hannah White,Principal Architect,10,1982-03-22,2013-05-15,158000,Female,Active,2013-05-15 14:00:00
44,Isabella Lewis,Sr. Software Engineer,7,1985-05-05,2015-08-01,90000,Female,Inactive,2020-08-01 10:45:00
45,Jack Walker,Solutions Enabler,3,1992-02-10,2020-11-20,82000,Male,Active,2020-11-20 14:15:00
46,Liam Hall,Solutions Consultant,4,1989-12-30,2019-10-10,100000,Male,Active,2019-10-10 12:20:00
47,Mia King,Software Engineer,2,1995-08-18,2021-03-25,75000,Female,Active,2021-03-25 11:30:00
48,Oliver Wright,Sr. Software Engineer,5,1986-01-02,2016-04-20,88000,Male,Active,2016-04-20 09:00:00
49,Penny Scott,Software Engineer,4,1993-05-15,2019-06-30,79000,Female,Active,2019-06-30 10:30:00
50,Quentin Green,Principal Architect,12,1980-09-05,2011-11-15,165000,Male,Active,2011-11-15 14:00:00
51,Ruby Adams,Sr. Software Engineer,6,1987-04-14,2016-02-01,91000,Female,Active,2016-02-01 11:15:00
52,Sam Turner,Software Engineer,1,1996-06-23,2022-10-12,72000,Male,Active,2022-10-12 08:00:00
53,Tina Young,Sr. Software Engineer,7,1985-08-15,2015-12-01,93000,Female,Inactive,2020-12-01 13:45:00
54,Uma Perez,Solutions Consultant,3,1994-07-20,2021-01-05,87000,Female,Active,2021-01-05 10:30:00
55,Vincent Moore,Software Engineer,4,1992-11-15,2020-07-01,78000,Male,Active,2020-07-01 12:00:00
56,Wanda Hughes,Sr. Software Engineer,5,1989-12-20,2017-08-15,92000,Female,Active,2017-08-15 09:00:00
57,Xander Rivera,Solutions Enabler,2,1995-03-10,2021-11-15,81000,Male,Active,2021-11-15 14:20:00
58,Yvonne Cooper,Principal Architect,11,1981-01-30,2012-02-20,160000,Female,Active,2012-02-20 13:00:00
59,Zara Foster,Sr. Software Engineer,6,1986-06-18,2015-09-30,95000,Female,Inactive,2020-09-30 14:30:00
60,Abel Knight,Software Engineer,3,1992-02-05,2019-05-15,78000,Male,Active,2019-05-15 11:10:00
61,Anna Bell,Software Engineer,4,1992-08-14,2019-02-05,77000,Female,Active,2019-02-05 10:30:00
62,Bobby Lee,Sr. Software Engineer,5,1988-04-19,2018-01-10,90000,Male,Active,2018-01-10 12:00:00
63,Chad Adams,Solutions Consultant,3,1994-11-30,2020-09-15,95000,Male,Active,2020-09-15 14:20:00
64,Diane Young,Solutions Enabler,6,1985-03-05,2017-07-20,88000,Female,Active,2017-07-20 08:45:00
65,Edward Morgan,Principal Architect,12,1980-10-01,2011-03-15,160000,Male,Active,2011-03-15 11:30:00
66,Fiona King,Sr. Software Engineer,7,1984-05-24,2015-12-01,91000,Female,Active,2015-12-01 09:15:00
67,George Hill,Software Engineer,1,1995-09-30,2023-03-05,73000,Male,Active,2023-03-05 13:00:00
68,Haley Taylor,Sr. Software Engineer,5,1989-07-10,2018-08-15,92000,Female,Active,2018-08-15 10:00:00
69,Isaac Jones,Solutions Consultant,6,1986-06-20,2016-11-30,102000,Male,Inactive,2020-11-30 14:00:00
70,Jackie Rivera,Software Engineer,4,1992-02-11,2019-05-20,78000,Female,Active,2019-05-20 10:45:00
71,Kurt Scott,Sr. Software Engineer,6,1985-03-28,2016-10-10,95000,Male,Active,2016-10-10 12:30:00
72,Linda Brown,Software Engineer,2,1994-08-21,2021-04-01,76000,Female,Active,2021-04-01 09:00:00
73,Michael Wilson,Solutions Enabler,3,1991-01-14,2020-02-05,83000,Male,Active,2020-02-05 11:00:00
74,Nora Evans,Principal Architect,10,1982-03-22,2013-01-20,159000,Female,Active,2013-01-20 10:30:00
75,Oliver Green,Sr. Software Engineer,7,1984-05-10,2014-11-15,94000,Male,Active,2014-11-15 14:00:00
76,Paula Carter,Software Engineer,2,1995-02-16,2021-07-01,74000,Female,Active,2021-07-01 08:30:00
77,Quincy Hughes,Solutions Consultant,5,1986-11-30,2018-03-10,106000,Male,Inactive,2020-03-10 12:00:00
78,Rita Clark,Sr. Software Engineer,6,1988-10-18,2016-09-05,93000,Female,Active,2016-09-05 09:30:00
79,Steve Lee,Software Engineer,3,1992-07-25,2020-06-15,77000,Male,Active,2020-06-15 11:00:00
80,Tina White,Software Engineer,1,1996-04-30,2022-10-25,71000,Female,Active,2022-10-25 13:00:00
81,Ulysses Bell,Principal Architect,9,1983-06-14,2014-05-30,165000,Male,Active,2014-05-30 14:30:00
82,Vivian Wright,Sr. Software Engineer,5,1989-08-12,2017-08-01,92000,Female,Inactive,2020-08-01 12:15:00
83,Wesley Young,Software Engineer,4,1992-11-05,2019-01-10,79000,Male,Active,2019-01-10 10:30:00
84,Xena Garcia,Solutions Enabler,3,1993-05-17,2020-10-01,81000,Female,Active,2020-10-01 09:45:00
85,Yara Jackson,Solutions Consultant,6,1986-01-22,2017-12-01,104000,Female,Active,2017-12-01 14:00:00
86,Zachary Wilson,Sr. Software Engineer,5,1988-03-30,2016-05-20,91000,Male,Active,2016-05-20 11:00:00
87,Alice Taylor,Software Engineer,2,1994-08-10,2021-11-10,74000,Female,Active,2021-11-10 10:30:00
88,Benjamin Hill,Sr. Software Engineer,6,1985-05-30,2015-06-15,94000,Male,Active,2015-06-15 09:30:00
89,Cassandra Lee,Solutions Consultant,4,1990-09-01,2019-02-25,100000,Female,Active,2019-02-25 12:45:00
90,Dylan Roberts,Software Engineer,1,1996-06-19,2023-04-15,72000,Male,Active,2023-04-15 13:15:00
91,Emma White,Software Engineer,3,1991-10-05,2020-01-20,78000,Female,Active,2020-01-20 10:00:00
92,Michael Brown,Sr. Software Engineer,6,1986-02-18,2017-04-12,90000,Male,Active,2017-04-12 11:30:00
93,Lisa Green,Solutions Consultant,5,1987-09-10,2018-05-01,106000,Female,Active,2018-05-01 12:45:00
94,James Lee,Solutions Enabler,4,1992-01-15,2020-08-25,85000,Male,Inactive,2021-08-25 09:15:00
95,Anna Clark,Principal Architect,11,1981-06-29,2012-12-01,165000,Female,Active,2012-12-01 13:00:00
96,Kevin Wilson,Sr. Software Engineer,7,1985-03-22,2015-06-15,95000,Male,Active,2015-06-15 09:30:00
97,Olivia Taylor,Software Engineer,2,1994-08-10,2021-07-10,74000,Female,Active,2021-07-10 08:30:00
98,Rachel Harris,Software Engineer,1,1996-12-05,2022-10-12,72000,Female,Active,2022-10-12 14:00:00
99,Tom Anderson,Solutions Consultant,6,1986-04-15,2016-09-30,102000,Male,Active,2016-09-30 10:45:00
100,Mary Johnson,Software Engineer,3,1992-05-20,2020-02-15,77000,Female,Active,2020-02-15 11:15:00
101,Josh Taylor,Sr. Software Engineer,5,1989-11-03,2017-03-18,88000,Male,Active,2017-03-18 12:30:00
102,Patricia Lewis,Software Engineer,2,1994-07-29,2021-06-01,76000,Female,Active,2021-06-01 09:00:00
103,William Scott,Principal Architect,9,1984-01-11,2013-02-15,158000,Male,Active,2013-02-15 10:00:00
104,Chloe Adams,Sr. Software Engineer,6,1988-10-22,2015-07-20,92000,Female,Active,2015-07-20 14:15:00
105,Steven White,Software Engineer,4,1990-04-05,2019-12-10,80000,Male,Active,2019-12-10 11:45:00
106,Bethany Davis,Solutions Enabler,3,1993-03-30,2021-11-01,80000,Female,Active,2021-11-01 13:30:00
107,Nancy Hall,Solutions Consultant,5,1987-12-15,2018-03-10,103000,Female,Inactive,2020-03-10 09:30:00
108,Mark Lee,Sr. Software Engineer,7,1986-02-28,2015-08-01,94000,Male,Active,2015-08-01 10:15:00
109,Isabella Wilson,Software Engineer,2,1994-09-17,2021-05-20,78000,Female,Active,2021-05-20 09:45:00
110,Daniel Jackson,Principal Architect,10,1983-06-12,2012-04-10,160000,Male,Active,2012-04-10 12:00:00
111,Angela Brown,Sr. Software Engineer,6,1985-01-25,2016-11-01,90000,Female,Active,2016-11-01 14:00:00
112,Jason King,Software Engineer,3,1992-08-30,2019-01-15,77000,Male,Active,2019-01-15 10:30:00
113,Katherine Smith,Software Engineer,4,1991-05-18,2020-03-12,79000,Female,Active,2020-03-12 08:30:00
114,Lucas Martinez,Solutions Consultant,6,1986-09-20,2017-10-01,104000,Male,Active,2017-10-01 14:45:00
115,Emily Lopez,Software Engineer,1,1996-11-15,2022-04-05,73000,Female,Active,2022-04-05 11:00:00
116,Oliver Clark,Sr. Software Engineer,5,1989-10-08,2018-06-15,91000,Male,Active,2018-06-15 12:00:00
117,Zoe Johnson,Software Engineer,2,1995-02-14,2021-08-25,74000,Female,Active,2021-08-25 10:15:00
118,Victoria Davis,Solutions Enabler,4,1992-07-05,2020-05-01,83000,Female,Inactive,2021-05-01 09:30:00
119,Henry Brown,Principal Architect,12,1980-12-22,2011-11-10,165000,Male,Active,2011-11-10 10:00:00
120,Lily Green,Sr. Software Engineer,7,1984-01-15,2015-05-20,94000,Female,Active,2015-05-20 12:00:00
121,Charlie Parker,Software Engineer,3,1991-04-15,2020-07-05,78000,Male,Active,2020-07-05 10:30:00
122,Ava Nelson,Sr. Software Engineer,5,1988-01-29,2018-03-15,90000,Female,Active,2018-03-15 12:00:00
123,Ethan Martinez,Solutions Consultant,4,1990-08-20,2019-10-01,95000,Male,Active,2019-10-01 11:45:00
124,Sofia Carter,Solutions Enabler,6,1985-11-10,2016-05-15,87000,Female,Active,2016-05-15 14:00:00
125,Jack Thompson,Principal Architect,10,1982-02-12,2013-01-05,162000,Male,Active,2013-01-05 09:30:00
126,Emma White,Sr. Software Engineer,7,1985-03-22,2015-04-01,93000,Female,Active,2015-04-01 12:30:00
127,William Allen,Software Engineer,1,1995-05-05,2022-12-15,74000,Male,Active,2022-12-15 10:00:00
128,Mia Wright,Software Engineer,2,1994-07-18,2021-09-25,76000,Female,Active,2021-09-25 09:15:00
129,David Johnson,Solutions Consultant,5,1987-06-21,2018-11-30,105000,Male,Inactive,2020-11-30 11:30:00
130,Chloe Young,Software Engineer,4,1992-02-01,2019-01-10,78000,Female,Active,2019-01-10 13:00:00
131,Lucas Scott,Sr. Software Engineer,5,1989-08-16,2017-07-15,90000,Male,Active,2017-07-15 10:15:00
132,Kate Parker,Software Engineer,3,1991-10-02,2020-02-25,77000,Female,Active,2020-02-25 08:30:00
133,Ryan Lewis,Principal Architect,11,1981-09-05,2012-06-15,164000,Male,Active,2012-06-15 14:00:00
134,Sarah Green,Sr. Software Engineer,6,1986-11-30,2016-04-10,92000,Female,Active,2016-04-10 12:00:00
135,Evelyn Hill,Software Engineer,2,1995-03-12,2021-08-15,75000,Female,Active,2021-08-15 10:45:00
136,George Turner,Solutions Enabler,3,1992-07-29,2020-09-10,82000,Male,Active,2020-09-10 11:00:00
137,Audrey Jackson,Solutions Consultant,5,1987-12-22,2018-05-01,102000,Female,Active,2018-05-01 09:30:00
138,Isaac Clark,Software Engineer,4,1993-04-01,2019-10-20,78000,Male,Active,2019-10-20 14:30:00
139,Lily Robinson,Sr. Software Engineer,5,1988-06-15,2017-11-01,93000,Female,Active,2017-11-01 13:15:00
140,Nathan Wright,Software Engineer,1,1996-08-22,2023-05-01,72000,Male,Active,2023-05-01 08:00:00
141,Zoe Moore,Principal Architect,9,1983-10-17,2014-02-20,159000,Female,Active,2014-02-20 11:15:00
142,Benjamin Young,Sr. Software Engineer,6,1986-05-28,2015-07-15,90000,Male,Inactive,2020-07-15 10:30:00
143,Clara Harris,Software Engineer,3,1992-01-05,2020-09-12,75000,Female,Active,2020-09-12 09:45:00
144,Leo King,Software Engineer,2,1994-12-10,2021-08-05,78000,Male,Active,2021-08-05 14:00:00
145,Naomi Allen,Solutions Consultant,5,1988-07-25,2018-03-15,104000,Female,Active,2018-03-15 13:00:00
146,Owen Scott,Solutions Enabler,3,1993-02-14,2021-06-01,83000,Male,Active,2021-06-01 09:00:00
147,Emma Clark,Principal Architect,10,1984-09-15,2013-08-20,162000,Female,Active,2013-08-20 10:30:00
148,Max Taylor,Sr. Software Engineer,6,1986-10-04,2015-05-20,95000,Male,Active,2015-05-20 11:00:00
149,Lucy Lewis,Software Engineer,2,1995-03-30,2021-01-15,77000,Female,Active,2021-01-15 12:30:00
150,Henry Brown,Software Engineer,1,1996-11-25,2023-03-10,74000,Male,Active,2023-03-10 14:00:00
