empid,empname,desgination,experience,birth_date,hire_date,salary,gender,activestatus,created_at
1,Alice Johnson,Software Engineer,3 years,5/15/1990,6/1/2021,75000,Female,Active,6/1/2021 9:00
2,Bob Smith,Sr. Software Engineer,5 years,8/22/1988,3/15/2019,90000,Male,Active,3/15/2019 10:00
3,Charlie Brown,Solutions Enabler,4 years,1/10/1992,7/20/2020,85000,Male,Inactive,7/20/2020 11:00
4,Diana Prince,Solutions Consultant,6 years,12/30/1985,4/10/2018,110000,Female,Active,4/10/2018 12:00
5,Evelyn Harper,Principal Architect,10 years,9/14/1982,11/11/2015,150000,Female,Active,11/11/2015 13:00
6,George Taylor,Software Engineer,2 years,7/19/1995,1/10/2022,70000,Male,Inactive,1/10/2022 14:00
7,Emily Clark,Sr. Software Engineer,4 years,11/11/1991,12/1/2019,95000,Female,Active,12/1/2019 8:00
8,Frank Miller,Solutions Consultant,7 years,4/24/1983,5/15/2016,105000,Male,Active,5/15/2016 10:30
9,Grace Lee,Solutions Enabler,3 years,3/30/1994,8/10/2020,80000,Female,Active,8/10/2020 9:15
10,Henry Adams,Principal Architect,12 years,10/5/1980,7/20/2013,160000,Male,Active,7/20/2013 10:45
11,Irene Robinson,Sr. Software Engineer,6 years,2/2/1987,11/1/2017,90000,Female,Active,11/1/2017 12:20
12,Jack Wilson,Software Engineer,1 year,6/17/1996,1/15/2023,72000,Male,Active,1/15/2023 8:00
13,Kate Brown,Software Engineer,3 years,12/10/1992,9/12/2019,78000,Female,Inactive,9/12/2019 11:00
14,Liam Johnson,Solutions Consultant,8 years,3/5/1984,5/1/2015,110000,Male,Active,5/1/2015 14:00
15,Mia White,Sr. Software Engineer,7 years,1/22/1986,8/10/2016,94000,Female,Active,8/10/2016 10:00
16,Nate Green,Software Engineer,2 years,9/30/1995,2/1/2021,75000,Male,Active,2/1/2021 9:30
17,Olivia Brown,Solutions Enabler,5 years,11/18/1990,6/1/2017,87000,Female,Active,6/1/2017 13:30
18,Paul Smith,Principal Architect,11 years,8/15/1981,4/5/2012,155000,Male,Active,4/5/2012 9:00
19,Quinn Davis,Software Engineer,4 years,5/25/1992,1/12/2018,77000,Female,Active,1/12/2018 11:45
20,Ryan Evans,Sr. Software Engineer,6 years,9/3/1986,10/22/2016,92000,Male,Active,10/22/2016 14:15
21,Sarah Thompson,Solutions Consultant,7 years,1/20/1985,3/20/2014,105000,Female,Inactive,3/20/2020 12:10
22,Tony Martinez,Software Engineer,3 years,12/5/1990,2/15/2020,74000,Male,Active,2/15/2020 8:30
23,Uma Patel,Sr. Software Engineer,8 years,7/27/1983,6/11/2015,95000,Female,Active,6/11/2015 10:00
24,Vera Lee,Solutions Enabler,2 years,4/21/1994,5/5/2021,80000,Female,Active,5/5/2021 9:20
25,Wade Clark,Principal Architect,9 years,8/10/1984,10/1/2014,158000,Male,Active,10/1/2014 13:15
26,Xena Bell,Sr. Software Engineer,6 years,2/14/1987,11/1/2017,92000,Female,Active,11/1/2017 14:00
27,Yara King,Software Engineer,1 year,5/30/1996,3/15/2023,70000,Female,Active,3/15/2023 9:45
28,Zachary Lee,Solutions Consultant,4 years,12/20/1992,4/25/2019,100000,Male,Active,4/25/2019 11:30
29,Alice Wong,Software Engineer,3 years,10/10/1991,1/20/2020,75000,Female,Inactive,1/20/2020 14:50
30,Brandon Scott,Sr. Software Engineer,5 years,8/1/1988,3/30/2018,90000,Male,Active,3/30/2018 12:00
31,Emma Johnson,Software Engineer,3 years,5/15/1991,4/1/2020,76000,Female,Active,4/1/2020 9:00
32,Lucas Brown,Sr. Software Engineer,5 years,8/20/1989,2/15/2019,89000,Male,Active,2/15/2019 10:30
33,Noah Smith,Solutions Enabler,4 years,1/30/1990,9/20/2021,84000,Male,Active,9/20/2021 11:15
34,Olivia Davis,Solutions Consultant,6 years,3/5/1986,7/1/2018,108000,Female,Active,7/1/2018 14:00
35,Michael Garcia,Principal Architect,11 years,2/14/1981,1/10/2012,162000,Male,Active,1/10/2012 13:00
36,Sophia Martinez,Sr. Software Engineer,7 years,4/25/1985,11/1/2016,91000,Female,Active,11/1/2016 12:30
37,James Wilson,Software Engineer,2 years,9/12/1994,5/15/2021,78000,Male,Active,5/15/2021 10:00
38,Ava Rodriguez,Software Engineer,1 year,10/30/1996,1/20/2023,74000,Female,Active,1/20/2023 9:45
39,Benjamin Taylor,Solutions Consultant,5 years,6/18/1987,4/10/2018,102000,Male,Inactive,4/10/2020 11:00
40,Chloe Anderson,Software Engineer,4 years,11/28/1992,2/1/2019,77000,Female,Active,2/1/2019 9:30
41,Daniel Thomas,Sr. Software Engineer,6 years,1/25/1988,9/15/2016,94000,Male,Active,9/15/2016 10:00
42,Grace Jackson,Software Engineer,3 years,7/14/1993,6/1/2020,80000,Female,Active,6/1/2020 8:30
43,Hannah White,Principal Architect,10 years,3/22/1982,5/15/2013,158000,Female,Active,5/15/2013 14:00
44,Isabella Lewis,Sr. Software Engineer,7 years,5/5/1985,8/1/2015,90000,Female,Inactive,8/1/2020 10:45
45,Jack Walker,Solutions Enabler,3 years,2/10/1992,11/20/2020,82000,Male,Active,11/20/2020 14:15
46,Liam Hall,Solutions Consultant,4 years,12/30/1989,10/10/2019,100000,Male,Active,10/10/2019 12:20
47,Mia King,Software Engineer,2 years,8/18/1995,3/25/2021,75000,Female,Active,3/25/2021 11:30
48,Oliver Wright,Sr. Software Engineer,5 years,1/2/1986,4/20/2016,88000,Male,Active,4/20/2016 9:00
49,Penny Scott,Software Engineer,4 years,5/15/1993,6/30/2019,79000,Female,Active,6/30/2019 10:30
50,Quentin Green,Principal Architect,12 years,9/5/1980,11/15/2011,165000,Male,Active,11/15/2011 14:00
51,Ruby Adams,Sr. Software Engineer,6 years,4/14/1987,2/1/2016,91000,Female,Active,2/1/2016 11:15
52,Sam Turner,Software Engineer,1 year,6/23/1996,10/12/2022,72000,Male,Active,10/12/2022 8:00
53,Tina Young,Sr. Software Engineer,7 years,8/15/1985,12/1/2015,93000,Female,Inactive,12/1/2020 13:45
54,Uma Perez,Solutions Consultant,3 years,7/20/1994,1/5/2021,87000,Female,Active,1/5/2021 10:30
55,Vincent Moore,Software Engineer,4 years,11/15/1992,7/1/2020,78000,Male,Active,7/1/2020 12:00
56,Wanda Hughes,Sr. Software Engineer,5 years,12/20/1989,8/15/2017,92000,Female,Active,8/15/2017 9:00
57,Xander Rivera,Solutions Enabler,2 years,3/10/1995,11/15/2021,81000,Male,Active,11/15/2021 14:20
58,Yvonne Cooper,Principal Architect,11 years,1/30/1981,2/20/2012,160000,Female,Active,2/20/2012 13:00
59,Zara Foster,Sr. Software Engineer,6 years,6/18/1986,9/30/2015,95000,Female,Inactive,9/30/2020 14:30
60,Abel Knight,Software Engineer,3 years,2/5/1992,5/15/2019,78000,Male,Active,5/15/2019 11:10
61,Anna Bell,Software Engineer,4 years,8/14/1992,2/5/2019,77000,Female,Active,2/5/2019 10:30
62,Bobby Lee,Sr. Software Engineer,5 years,4/19/1988,1/10/2018,90000,Male,Active,1/10/2018 12:00
63,Chad Adams,Solutions Consultant,3 years,11/30/1994,9/15/2020,95000,Male,Active,9/15/2020 14:20
64,Diane Young,Solutions Enabler,6 years,3/5/1985,7/20/2017,88000,Female,Active,7/20/2017 8:45
65,Edward Morgan,Principal Architect,12 years,10/1/1980,3/15/2011,160000,Male,Active,3/15/2011 11:30
66,Fiona King,Sr. Software Engineer,7 years,5/24/1984,12/1/2015,91000,Female,Active,12/1/2015 9:15
67,George Hill,Software Engineer,1 year,9/30/1995,3/5/2023,73000,Male,Active,3/5/2023 13:00
68,Haley Taylor,Sr. Software Engineer,5 years,7/10/1989,8/15/2018,92000,Female,Active,8/15/2018 10:00
69,Isaac Jones,Solutions Consultant,6 years,6/20/1986,11/30/2016,102000,Male,Inactive,11/30/2020 14:00
70,Jackie Rivera,Software Engineer,4 years,2/11/1992,5/20/2019,78000,Female,Active,5/20/2019 10:45
71,Kurt Scott,Sr. Software Engineer,6 years,3/28/1985,10/10/2016,95000,Male,Active,10/10/2016 12:30
72,Linda Brown,Software Engineer,2 years,8/21/1994,4/1/2021,76000,Female,Active,4/1/2021 9:00
73,Michael Wilson,Solutions Enabler,3 years,1/14/1991,2/5/2020,83000,Male,Active,2/5/2020 11:00
74,Nora Evans,Principal Architect,10 years,3/22/1982,1/20/2013,159000,Female,Active,1/20/2013 10:30
75,Oliver Green,Sr. Software Engineer,7 years,5/10/1984,11/15/2014,94000,Male,Active,11/15/2014 14:00
76,Paula Carter,Software Engineer,2 years,2/16/1995,7/1/2021,74000,Female,Active,7/1/2021 8:30
77,Quincy Hughes,Solutions Consultant,5 years,11/30/1986,3/10/2018,106000,Male,Inactive,3/10/2020 12:00
78,Rita Clark,Sr. Software Engineer,6 years,10/18/1988,9/5/2016,93000,Female,Active,9/5/2016 9:30
79,Steve Lee,Software Engineer,3 years,7/25/1992,6/15/2020,77000,Male,Active,6/15/2020 11:00
80,Tina White,Software Engineer,1 year,4/30/1996,10/25/2022,71000,Female,Active,10/25/2022 13:00
81,Ulysses Bell,Principal Architect,9 years,6/14/1983,5/30/2014,165000,Male,Active,5/30/2014 14:30
82,Vivian Wright,Sr. Software Engineer,5 years,8/12/1989,8/1/2017,92000,Female,Inactive,8/1/2020 12:15
83,Wesley Young,Software Engineer,4 years,11/5/1992,1/10/2019,79000,Male,Active,1/10/2019 10:30
84,Xena Garcia,Solutions Enabler,3 years,5/17/1993,10/1/2020,81000,Female,Active,10/1/2020 9:45
85,Yara Jackson,Solutions Consultant,6 years,1/22/1986,12/1/2017,104000,Female,Active,12/1/2017 14:00
86,Zachary Wilson,Sr. Software Engineer,5 years,3/30/1988,5/20/2016,91000,Male,Active,5/20/2016 11:00
87,Alice Taylor,Software Engineer,2 years,8/10/1994,11/10/2021,74000,Female,Active,11/10/2021 10:30
88,Benjamin Hill,Sr. Software Engineer,6 years,5/30/1985,6/15/2015,94000,Male,Active,6/15/2015 9:30
89,Cassandra Lee,Solutions Consultant,4 years,9/1/1990,2/25/2019,100000,Female,Active,2/25/2019 12:45
90,Dylan Roberts,Software Engineer,1 year,6/19/1996,4/15/2023,72000,Male,Active,4/15/2023 13:15
91,Emma White,Software Engineer,3 years,10/5/1991,1/20/2020,78000,Female,Active,1/20/2020 10:00
92,Michael Brown,Sr. Software Engineer,6 years,2/18/1986,4/12/2017,90000,Male,Active,4/12/2017 11:30
93,Lisa Green,Solutions Consultant,5 years,9/10/1987,5/1/2018,106000,Female,Active,5/1/2018 12:45
94,James Lee,Solutions Enabler,4 years,1/15/1992,8/25/2020,85000,Male,Inactive,8/25/2021 9:15
95,Anna Clark,Principal Architect,11 years,6/29/1981,12/1/2012,165000,Female,Active,12/1/2012 13:00
96,Kevin Wilson,Sr. Software Engineer,7 years,3/22/1985,6/15/2015,95000,Male,Active,6/15/2015 9:30
97,Olivia Taylor,Software Engineer,2 years,8/10/1994,7/10/2021,74000,Female,Active,7/10/2021 8:30
98,Rachel Harris,Software Engineer,1 year,12/5/1996,10/12/2022,72000,Female,Active,10/12/2022 14:00
99,Tom Anderson,Solutions Consultant,6 years,4/15/1986,9/30/2016,102000,Male,Active,9/30/2016 10:45
100,Mary Johnson,Software Engineer,3 years,5/20/1992,2/15/2020,77000,Female,Active,2/15/2020 11:15
101,Josh Taylor,Sr. Software Engineer,5 years,11/3/1989,3/18/2017,88000,Male,Active,3/18/2017 12:30
102,Patricia Lewis,Software Engineer,2 years,7/29/1994,6/1/2021,76000,Female,Active,6/1/2021 9:00
103,William Scott,Principal Architect,9 years,1/11/1984,2/15/2013,158000,Male,Active,2/15/2013 10:00
104,Chloe Adams,Sr. Software Engineer,6 years,10/22/1988,7/20/2015,92000,Female,Active,7/20/2015 14:15
105,Steven White,Software Engineer,4 years,4/5/1990,12/10/2019,80000,Male,Active,12/10/2019 11:45
106,Bethany Davis,Solutions Enabler,3 years,3/30/1993,11/1/2021,80000,Female,Active,11/1/2021 13:30
107,Nancy Hall,Solutions Consultant,5 years,12/15/1987,3/10/2018,103000,Female,Inactive,3/10/2020 9:30
108,Mark Lee,Sr. Software Engineer,7 years,2/28/1986,8/1/2015,94000,Male,Active,8/1/2015 10:15
109,Isabella Wilson,Software Engineer,2 years,9/17/1994,5/20/2021,78000,Female,Active,5/20/2021 9:45
110,Daniel Jackson,Principal Architect,10 years,6/12/1983,4/10/2012,160000,Male,Active,4/10/2012 12:00
111,Angela Brown,Sr. Software Engineer,6 years,1/25/1985,11/1/2016,90000,Female,Active,11/1/2016 14:00
112,Jason King,Software Engineer,3 years,8/30/1992,1/15/2019,77000,Male,Active,1/15/2019 10:30
113,Katherine Smith,Software Engineer,4 years,5/18/1991,3/12/2020,79000,Female,Active,3/12/2020 8:30
114,Lucas Martinez,Solutions Consultant,6 years,9/20/1986,10/1/2017,104000,Male,Active,10/1/2017 14:45
115,Emily Lopez,Software Engineer,1 year,11/15/1996,4/5/2022,73000,Female,Active,4/5/2022 11:00
116,Oliver Clark,Sr. Software Engineer,5 years,10/8/1989,6/15/2018,91000,Male,Active,6/15/2018 12:00
117,Zoe Johnson,Software Engineer,2 years,2/14/1995,8/25/2021,74000,Female,Active,8/25/2021 10:15
118,Victoria Davis,Solutions Enabler,4 years,7/5/1992,5/1/2020,83000,Female,Inactive,5/1/2021 9:30
119,Henry Brown,Principal Architect,12 years,12/22/1980,11/10/2011,165000,Male,Active,11/10/2011 10:00
120,Lily Green,Sr. Software Engineer,7 years,1/15/1984,5/20/2015,94000,Female,Active,5/20/2015 12:00
121,Charlie Parker,Software Engineer,3 years,4/15/1991,7/5/2020,78000,Male,Active,7/5/2020 10:30
122,Ava Nelson,Sr. Software Engineer,5 years,1/29/1988,3/15/2018,90000,Female,Active,3/15/2018 12:00
123,Ethan Martinez,Solutions Consultant,4 years,8/20/1990,10/1/2019,95000,Male,Active,10/1/2019 11:45
124,Sofia Carter,Solutions Enabler,6 years,11/10/1985,5/15/2016,87000,Female,Active,5/15/2016 14:00
125,Jack Thompson,Principal Architect,10 years,2/12/1982,1/5/2013,162000,Male,Active,1/5/2013 9:30
126,Emma White,Sr. Software Engineer,7 years,3/22/1985,4/1/2015,93000,Female,Active,4/1/2015 12:30
127,William Allen,Software Engineer,1 year,5/5/1995,12/15/2022,74000,Male,Active,12/15/2022 10:00
128,Mia Wright,Software Engineer,2 years,7/18/1994,9/25/2021,76000,Female,Active,9/25/2021 9:15
129,David Johnson,Solutions Consultant,5 years,6/21/1987,11/30/2018,105000,Male,Inactive,11/30/2020 11:30
130,Chloe Young,Software Engineer,4 years,2/1/1992,1/10/2019,78000,Female,Active,1/10/2019 13:00
131,Lucas Scott,Sr. Software Engineer,5 years,8/16/1989,7/15/2017,90000,Male,Active,7/15/2017 10:15
132,Kate Parker,Software Engineer,3 years,10/2/1991,2/25/2020,77000,Female,Active,2/25/2020 8:30
133,Ryan Lewis,Principal Architect,11 years,9/5/1981,6/15/2012,164000,Male,Active,6/15/2012 14:00
134,Sarah Green,Sr. Software Engineer,6 years,11/30/1986,4/10/2016,92000,Female,Active,4/10/2016 12:00
135,Evelyn Hill,Software Engineer,2 years,3/12/1995,8/15/2021,75000,Female,Active,8/15/2021 10:45
136,George Turner,Solutions Enabler,3 years,7/29/1992,9/10/2020,82000,Male,Active,9/10/2020 11:00
137,Audrey Jackson,Solutions Consultant,5 years,12/22/1987,5/1/2018,102000,Female,Active,5/1/2018 9:30
138,Isaac Clark,Software Engineer,4 years,4/1/1993,10/20/2019,78000,Male,Active,10/20/2019 14:30
139,Lily Robinson,Sr. Software Engineer,5 years,6/15/1988,11/1/2017,93000,Female,Active,11/1/2017 13:15
140,Nathan Wright,Software Engineer,1 year,8/22/1996,5/1/2023,72000,Male,Active,5/1/2023 8:00
141,Zoe Moore,Principal Architect,9 years,10/17/1983,2/20/2014,159000,Female,Active,2/20/2014 11:15
142,Benjamin Young,Sr. Software Engineer,6 years,5/28/1986,7/15/2015,90000,Male,Inactive,7/15/2020 10:30
143,Clara Harris,Software Engineer,3 years,1/5/1992,9/12/2020,75000,Female,Active,9/12/2020 9:45
144,Leo King,Software Engineer,2 years,12/10/1994,8/5/2021,78000,Male,Active,8/5/2021 14:00
145,Naomi Allen,Solutions Consultant,5 years,7/25/1988,3/15/2018,104000,Female,Active,3/15/2018 13:00
146,Owen Scott,Solutions Enabler,3 years,2/14/1993,6/1/2021,83000,Male,Active,6/1/2021 9:00
147,Emma Clark,Principal Architect,10 years,9/15/1984,8/20/2013,162000,Female,Active,8/20/2013 10:30
148,Max Taylor,Sr. Software Engineer,6 years,10/4/1986,5/20/2015,95000,Male,Active,5/20/2015 11:00
149,Lucy Lewis,Software Engineer,2 years,3/30/1995,1/15/2021,77000,Female,Active,1/15/2021 12:30
150,Henry Brown,Software Engineer,1 year,11/25/1996,3/10/2023,74000,Male,Active,3/10/2023 14:00
